"year","election_type","state","votes","eligible_voters"
2014,"Midterm","Alabama",1191274,3588783
2014,"Midterm","Alaska",285431,520562
2014,"Midterm","Arizona",1537671,4510186
2014,"Midterm","Arkansas",852642,2117881
2014,"Midterm","California",7513972,24440416
2014,"Midterm","Colorado",2080071,3800664
2014,"Midterm","Connecticut",1096556,2577311
2014,"Midterm","Delaware",238110,681526
2014,"Midterm","District of Columbia",177176,495899
2014,"Midterm","Florida",6026802,13914216
2014,"Midterm","Georgia",2596947,6725041
2014,"Midterm","Hawaii",369554,1012123
2014,"Midterm","Idaho",445307,1119882
2014,"Midterm","Illinois",3680417,9028752
2014,"Midterm","Indiana",1387622,4829510
2014,"Midterm","Iowa",1142284,2269179
2014,"Midterm","Kansas",887023,2048164
2014,"Midterm","Kentucky",1459409,3247300
2014,"Midterm","Louisiana",1503975,3349433
2014,"Midterm","Maine",616996,1051557
2014,"Midterm","Maryland",1745104,4154546
2014,"Midterm","Massachusetts",2186789,4896296
2014,"Midterm","Michigan",3188956,7383958
2014,"Midterm","Minnesota",1992613,3935121
2014,"Midterm","Mississippi",NA,2181131
2014,"Midterm","Missouri",1509025,4493722
2014,"Midterm","Montana",373831,787748
2014,"Midterm","Nebraska",552115,1334453
2014,"Midterm","Nevada",552546,1867644
2014,"Midterm","New Hampshire",495565,1025862
2014,"Midterm","New Jersey",1955042,6014127
2014,"Midterm","New Mexico",NA,1449503
2014,"Midterm","New York",3930310,13553426
2014,"Midterm","North Carolina",2939767,7143737
2014,"Midterm","North Dakota",255128,567221
2014,"Midterm","Ohio",3149876,8701243
2014,"Midterm","Oklahoma",825607,2755091
2014,"Midterm","Oregon",1541782,2887517
2014,"Midterm","Pennsylvania",3535576,9689491
2014,"Midterm","Rhode Island",329212,776286
2014,"Midterm","South Carolina",1261611,3584461
2014,"Midterm","South Dakota",282291,630989
2014,"Midterm","Tennessee",1430117,4799476
2014,"Midterm","Texas",NA,16675420
2014,"Midterm","Utah",577973,1905801
2014,"Midterm","Vermont",202445,495884
2014,"Midterm","Virginia",2194346,5962456
2014,"Midterm","Washington",2123901,4928407
2014,"Midterm","West Virginia",462864,1447652
2014,"Midterm","Wisconsin",2422248,4260427
2014,"Midterm","Wyoming",171153,431434
2012,"Presidential","Alabama",NA,3539217
2012,"Presidential","Alaska",301694,511792
2012,"Presidential","Arizona",2323579,4387900
2012,"Presidential","Arkansas",1078548,2109847
2012,"Presidential","California",13202158,23681837
2012,"Presidential","Colorado",2596173,3675871
2012,"Presidential","Connecticut",1560640,2543202
2012,"Presidential","Delaware",NA,663967
2012,"Presidential","District of Columbia",294254,477582
2012,"Presidential","Florida",8538264,13495057
2012,"Presidential","Georgia",3919355,6606607
2012,"Presidential","Hawaii",437159,982902
2012,"Presidential","Idaho",666290,1091410
2012,"Presidential","Illinois",5279752,8899143
2012,"Presidential","Indiana",2663368,4755291
2012,"Presidential","Iowa",1589951,2251748
2012,"Presidential","Kansas",1182771,2030686
2012,"Presidential","Kentucky",1815843,3229185
2012,"Presidential","Louisiana",2014548,3311626
2012,"Presidential","Maine",724758,1046008
2012,"Presidential","Maryland",2734062,4063582
2012,"Presidential","Massachusetts",3184196,4809675
2012,"Presidential","Michigan",4780701,7312725
2012,"Presidential","Minnesota",2950780,3861598
2012,"Presidential","Mississippi",NA,2166825
2012,"Presidential","Missouri",NA,4432957
2012,"Presidential","Montana",491966,774476
2012,"Presidential","Nebraska",804245,1316915
2012,"Presidential","Nevada",1016664,1800969
2012,"Presidential","New Hampshire",718700,1013420
2012,"Presidential","New Jersey",3683638,5918182
2012,"Presidential","New Mexico",786522,1436363
2012,"Presidential","New York",7128852,13324107
2012,"Presidential","North Carolina",4542488,6947954
2012,"Presidential","North Dakota",325564,539164
2012,"Presidential","Ohio",5632423,8649495
2012,"Presidential","Oklahoma",NA,2713268
2012,"Presidential","Oregon",1820507,2836101
2012,"Presidential","Pennsylvania",NA,9651432
2012,"Presidential","Rhode Island",NA,768918
2012,"Presidential","South Carolina",1981516,3486838
2012,"Presidential","South Dakota",368270,613190
2012,"Presidential","Tennessee",2478870,4736084
2012,"Presidential","Texas",NA,16119973
2012,"Presidential","Utah",1028786,1833339
2012,"Presidential","Vermont",301793,493355
2012,"Presidential","Virginia",3888186,5834676
2012,"Presidential","Washington",3172939,4822060
2012,"Presidential","West Virginia",NA,1447066
2012,"Presidential","Wisconsin",NA,4209370
2012,"Presidential","Wyoming",250701,425142
2010,"Midterm","Alabama",1503232,3472582
2010,"Midterm","Alaska",261128,493764
2010,"Midterm","Arizona",1750840,4209544
2010,"Midterm","Arkansas",789773,2081156
2010,"Midterm","California",10529134,22946053
2010,"Midterm","Colorado",1828323,3533054
2010,"Midterm","Connecticut",1153872,2512981
2010,"Midterm","Delaware",316754,646969
2010,"Midterm","District of Columbia",135846,458619
2010,"Midterm","Florida",5473787,12961184
2010,"Midterm","Georgia",2623035,6464845
2010,"Midterm","Hawaii",386302,959531
2010,"Midterm","Idaho",459079,1069446
2010,"Midterm","Illinois",3792770,8798829
2010,"Midterm","Indiana",1791832,4697111
2010,"Midterm","Iowa",1133429,2234516
2010,"Midterm","Kansas",857658,2011497
2010,"Midterm","Kentucky",1417995,3198093
2010,"Midterm","Louisiana",1298649,3249524
2010,"Midterm","Maine",580584,1038201
2010,"Midterm","Maryland",1868179,4001034
2010,"Midterm","Massachusetts",2319963,4693670
2010,"Midterm","Michigan",3268217,7245281
2010,"Midterm","Minnesota",2123369,3802677
2010,"Midterm","Mississippi",NA,2129334
2010,"Midterm","Missouri",1997271,4366435
2010,"Midterm","Montana",367096,758653
2010,"Midterm","Nebraska",503514,1301483
2010,"Midterm","Nevada",723515,1747288
2010,"Midterm","New Hampshire",461423,999918
2010,"Midterm","New Jersey",2200974,5834037
2010,"Midterm","New Mexico",630013,1408872
2010,"Midterm","New York",4763899,13135048
2010,"Midterm","North Carolina",2700706,6785463
2010,"Midterm","North Dakota",241039,516974
2010,"Midterm","Ohio",3956028,8571952
2010,"Midterm","Oklahoma",1043507,2666767
2010,"Midterm","Oregon",1487210,2760607
2010,"Midterm","Pennsylvania",4055336,9565822
2010,"Midterm","Rhode Island",346357,763534
2010,"Midterm","South Carolina",1365480,3388417
2010,"Midterm","South Dakota",323410,599507
2010,"Midterm","Tennessee",1620619,4622919
2010,"Midterm","Texas",5066957,15514007
2010,"Midterm","Utah",653274,1772934
2010,"Midterm","Vermont",243617,488942
2010,"Midterm","Virginia",2214505,5660589
2010,"Midterm","Washington",2565589,4724350
2010,"Midterm","West Virginia",536493,1442003
2010,"Midterm","Wisconsin",2185021,4172130
2010,"Midterm","Wyoming",190822,414536
2008,"Presidential","Alabama",2105622,3454510
2008,"Presidential","Alaska",327341,479429
2008,"Presidential","Arizona",2320851,4046075
2008,"Presidential","Arkansas",1095958,2071563
2008,"Presidential","California",13743177,22261504
2008,"Presidential","Colorado",2422236,3382959
2008,"Presidential","Connecticut",NA,2471082
2008,"Presidential","Delaware",413562,628200
2008,"Presidential","District of Columbia",266871,432566
2008,"Presidential","Florida",8453743,12687407
2008,"Presidential","Georgia",3940705,6281872
2008,"Presidential","Hawaii",456064,930067
2008,"Presidential","Idaho",667506,1029416
2008,"Presidential","Illinois",5578195,8681138
2008,"Presidential","Indiana",2805986,4653019
2008,"Presidential","Iowa",1543662,2216094
2008,"Presidential","Kansas",1264208,1991759
2008,"Presidential","Kentucky",1858578,3152629
2008,"Presidential","Louisiana",1979852,3205794
2008,"Presidential","Maine",744456,1036242
2008,"Presidential","Maryland",2661905,3925117
2008,"Presidential","Massachusetts",3102995,4612550
2008,"Presidential","Michigan",5039080,7229512
2008,"Presidential","Minnesota",2921147,3740142
2008,"Presidential","Mississippi",NA,2113347
2008,"Presidential","Missouri",2950504,4327572
2008,"Presidential","Montana",497599,741853
2008,"Presidential","Nebraska",811923,1274719
2008,"Presidential","Nevada",970019,1696831
2008,"Presidential","New Hampshire",719643,992226
2008,"Presidential","New Jersey",3910220,5776527
2008,"Presidential","New Mexico",833365,1362629
2008,"Presidential","New York",7721718,12948969
2008,"Presidential","North Carolina",4354571,6584302
2008,"Presidential","North Dakota",321133,504762
2008,"Presidential","Ohio",5773777,8513079
2008,"Presidential","Oklahoma",1474694,2619121
2008,"Presidential","Oregon",1845251,2700327
2008,"Presidential","Pennsylvania",6071357,9457942
2008,"Presidential","Rhode Island",475428,763608
2008,"Presidential","South Carolina",1927153,3311044
2008,"Presidential","South Dakota",387449,590720
2008,"Presidential","Tennessee",2618238,4563192
2008,"Presidential","Texas",NA,14929810
2008,"Presidential","Utah",971185,1700286
2008,"Presidential","Vermont",326822,482677
2008,"Presidential","Virginia",3753059,5555415
2008,"Presidential","Washington",3071587,4561163
2008,"Presidential","West Virginia",731691,1430439
2008,"Presidential","Wisconsin",2997086,4120694
2008,"Presidential","Wyoming",256035,405732
2006,"Midterm","Alabama",NA,3338467
2006,"Midterm","Alaska",238307,465169
2006,"Midterm","Arizona",1553032,3923786
2006,"Midterm","Arkansas",780409,2004193
2006,"Midterm","California",8899059,21582217
2006,"Midterm","Colorado",1586105,3297308
2006,"Midterm","Connecticut",1162391,2437559
2006,"Midterm","Delaware",258053,601341
2006,"Midterm","District of Columbia",122356,426612
2006,"Midterm","Florida",4884544,12187858
2006,"Midterm","Georgia",2143845,6115331
2006,"Midterm","Hawaii",348988,908925
2006,"Midterm","Idaho",458927,993010
2006,"Midterm","Illinois",3586292,8667453
2006,"Midterm","Indiana",1719351,4559294
2006,"Midterm","Iowa",1071509,2178322
2006,"Midterm","Kansas",864083,1948850
2006,"Midterm","Kentucky",1370062,3100828
2006,"Midterm","Louisiana",954896,3043573
2006,"Midterm","Maine",NA,1016287
2006,"Midterm","Maryland",1809237,3833349
2006,"Midterm","Massachusetts",2243835,4552794
2006,"Midterm","Michigan",3852008,7292624
2006,"Midterm","Minnesota",2217552,3667707
2006,"Midterm","Mississippi",NA,2077420
2006,"Midterm","Missouri",2178278,4253541
2006,"Midterm","Montana",411061,720447
2006,"Midterm","Nebraska",610499,1251027
2006,"Midterm","Nevada",586274,1579222
2006,"Midterm","New Hampshire",418550,975281
2006,"Midterm","New Jersey",2315643,5701033
2006,"Midterm","New Mexico",568597,1320285
2006,"Midterm","New York",4703830,12878632
2006,"Midterm","North Carolina",2036451,6264630
2006,"Midterm","North Dakota",220479,486142
2006,"Midterm","Ohio",4184072,8461211
2006,"Midterm","Oklahoma",NA,2547224
2006,"Midterm","Oregon",1399650,2628937
2006,"Midterm","Pennsylvania",NA,9283762
2006,"Midterm","Rhode Island",392882,754219
2006,"Midterm","South Carolina",1117311,3152046
2006,"Midterm","South Dakota",341105,580592
2006,"Midterm","Tennessee",1868363,4433921
2006,"Midterm","Texas",NA,14255313
2006,"Midterm","Utah",582561,1664323
2006,"Midterm","Vermont",263025,478247
2006,"Midterm","Virginia",2398589,5385522
2006,"Midterm","Washington",2085074,4403981
2006,"Midterm","West Virginia",473014,1401490
2006,"Midterm","Wisconsin",2183155,4064432
2006,"Midterm","Wyoming",196217,379127
2004,"Presidential","Alabama",1890317,3292608
2004,"Presidential","Alaska",314502,452124
2004,"Presidential","Arizona",2038069,3717055
2004,"Presidential","Arkansas",1070573,1969208
2004,"Presidential","California",12589367,21132533
2004,"Presidential","Colorado",2148036,3192647
2004,"Presidential","Connecticut",1607808,2429634
2004,"Presidential","Delaware",377407,584817
2004,"Presidential","District of Columbia",230105,419142
2004,"Presidential","Florida",7640319,11811921
2004,"Presidential","Georgia",3317336,5878186
2004,"Presidential","Hawaii",431662,889540
2004,"Presidential","Idaho",612786,946160
2004,"Presidential","Illinois",5350493,8576696
2004,"Presidential","Indiana",2512142,4504260
2004,"Presidential","Iowa",1521966,2156389
2004,"Presidential","Kansas",1213108,1928764
2004,"Presidential","Kentucky",1816867,3057741
2004,"Presidential","Louisiana",1956590,3182762
2004,"Presidential","Maine",751519,1003792
2004,"Presidential","Maryland",2395791,3797264
2004,"Presidential","Massachusetts",2927455,4533859
2004,"Presidential","Michigan",4875692,7263024
2004,"Presidential","Minnesota",2842912,3609185
2004,"Presidential","Mississippi",NA,2068766
2004,"Presidential","Missouri",2764635,4180960
2004,"Presidential","Montana",456096,699114
2004,"Presidential","Nebraska",792906,1236522
2004,"Presidential","Nevada",831563,1501437
2004,"Presidential","New Hampshire",683672,956422
2004,"Presidential","New Jersey",3638153,5663201
2004,"Presidential","New Mexico",775301,1282767
2004,"Presidential","New York",7448266,12738056
2004,"Presidential","North Carolina",3552449,6055771
2004,"Presidential","North Dakota",316049,482722
2004,"Presidential","Ohio",5722443,8427696
2004,"Presidential","Oklahoma",NA,2510823
2004,"Presidential","Oregon",1851671,2550887
2004,"Presidential","Pennsylvania",NA,9221962
2004,"Presidential","Rhode Island",440228,747046
2004,"Presidential","South Carolina",1626720,3055098
2004,"Presidential","South Dakota",394930,569161
2004,"Presidential","Tennessee",2456610,4328446
2004,"Presidential","Texas",NA,13796256
2004,"Presidential","Utah",942010,1574463
2004,"Presidential","Vermont",314220,470754
2004,"Presidential","Virginia",3223156,5277156
2004,"Presidential","Washington",2883499,4272914
2004,"Presidential","West Virginia",769645,1396545
2004,"Presidential","Wisconsin",3016288,4006948
2004,"Presidential","Wyoming",245789,370785
2002,"Midterm","Alabama",NA,3285643
2002,"Midterm","Alaska",232852,427337
2002,"Midterm","Arizona",1255615,3419481
2002,"Midterm","Arkansas",814176,1951568
2002,"Midterm","California",7738821,20733192
2002,"Midterm","Colorado",1424029,3056465
2002,"Midterm","Connecticut",1090756,2418037
2002,"Midterm","Delaware",NA,564938
2002,"Midterm","District of Columbia",NA,412062
2002,"Midterm","Florida",5143674,11194391
2002,"Midterm","Georgia",NA,5731983
2002,"Midterm","Hawaii",385462,872992
2002,"Midterm","Idaho",416533,921256
2002,"Midterm","Illinois",3651808,8540965
2002,"Midterm","Indiana",1562037,4494191
2002,"Midterm","Iowa",1040201,2136683
2002,"Midterm","Kansas",851966,1897261
2002,"Midterm","Kentucky",NA,3044267
2002,"Midterm","Louisiana",1267225,3163663
2002,"Midterm","Maine",NA,995056
2002,"Midterm","Maryland",1721626,3678346
2002,"Midterm","Massachusetts",2220301,4458820
2002,"Midterm","Michigan",3219864,7147888
2002,"Midterm","Minnesota",NA,3518184
2002,"Midterm","Mississippi",NA,2047426
2002,"Midterm","Missouri",NA,4116889
2002,"Midterm","Montana",340272,684572
2002,"Midterm","Nebraska",NA,1204512
2002,"Midterm","Nevada",512433,1391100
2002,"Midterm","New Hampshire",453078,930362
2002,"Midterm","New Jersey",2161105,5549726
2002,"Midterm","New Mexico",502230,1255086
2002,"Midterm","New York",4690968,12679865
2002,"Midterm","North Carolina",NA,5876705
2002,"Midterm","North Dakota",237224,476251
2002,"Midterm","Ohio",3356285,8322521
2002,"Midterm","Oklahoma",NA,2513143
2002,"Midterm","Oregon",1293756,2495739
2002,"Midterm","Pennsylvania",NA,9143001
2002,"Midterm","Rhode Island",337027,741776
2002,"Midterm","South Carolina",NA,2982810
2002,"Midterm","South Dakota",340407,556154
2002,"Midterm","Tennessee",NA,4151834
2002,"Midterm","Texas",4552059,13181016
2002,"Midterm","Utah",568290,1504529
2002,"Midterm","Vermont",232993,471403
2002,"Midterm","Virginia",1661915,5138270
2002,"Midterm","Washington",1808720,4162032
2002,"Midterm","West Virginia",440156,1398124
2002,"Midterm","Wisconsin",NA,3908088
2002,"Midterm","Wyoming",188028,370488
2000,"Presidential","Alabama",NA,3241682
2000,"Presidential","Alaska",287825,419111
2000,"Presidential","Arizona",1559520,3357701
2000,"Presidential","Arkansas",NA,1925961
2000,"Presidential","California",11142843,19685258
2000,"Presidential","Colorado",NA,3026316
2000,"Presidential","Connecticut",1474103,2357687
2000,"Presidential","Delaware",NA,554863
2000,"Presidential","District of Columbia",NA,416696
2000,"Presidential","Florida",6138765,10667193
2000,"Presidential","Georgia",2684951,5639668
2000,"Presidential","Hawaii",371113,832642
2000,"Presidential","Idaho",516647,877406
2000,"Presidential","Illinois",4932192,8432600
2000,"Presidential","Indiana",2246348,4424909
2000,"Presidential","Iowa",NA,2082950
2000,"Presidential","Kansas",1092716,1927950
2000,"Presidential","Kentucky",1568058,2955628
2000,"Presidential","Louisiana",1776133,3130267
2000,"Presidential","Maine",NA,969292
2000,"Presidential","Maryland",2036455,3649631
2000,"Presidential","Massachusetts",2736006,4517052
2000,"Presidential","Michigan",4279299,7070702
2000,"Presidential","Minnesota",2458303,3506432
2000,"Presidential","Mississippi",NA,2024650
2000,"Presidential","Missouri",NA,4052255
2000,"Presidential","Montana",417916,667525
2000,"Presidential","Nebraska",707223,1224178
2000,"Presidential","Nevada",613360,1346116
2000,"Presidential","New Hampshire",578656,890622
2000,"Presidential","New Jersey",3293378,5601788
2000,"Presidential","New Mexico",615607,1234088
2000,"Presidential","New York",6960215,12380208
2000,"Presidential","North Carolina",3015964,5744241
2000,"Presidential","North Dakota",292249,477968
2000,"Presidential","Ohio",4795989,8295592
2000,"Presidential","Oklahoma",NA,2475220
2000,"Presidential","Oregon",1559215,2364402
2000,"Presidential","Pennsylvania",NA,9086897
2000,"Presidential","Rhode Island",412074,753877
2000,"Presidential","South Carolina",1433533,2944326
2000,"Presidential","South Dakota",322159,548498
2000,"Presidential","Tennessee",2100241,4162996
2000,"Presidential","Texas",6407637,13033081
2000,"Presidential","Utah",784582,1431668
2000,"Presidential","Vermont",297146,459174
2000,"Presidential","Virginia",2789808,5069265
2000,"Presidential","Washington",2517028,4098044
2000,"Presidential","West Virginia",NA,1390365
2000,"Presidential","Wisconsin",NA,3842044
2000,"Presidential","Wyoming",221685,361078
1998,"Midterm","Alabama",NA,3202052
1998,"Midterm","Alaska",227156,408758
1998,"Midterm","Arizona",1037550,3232815
1998,"Midterm","Arkansas",NA,1882181
1998,"Midterm","California",8617649,19264556
1998,"Midterm","Colorado",NA,2879973
1998,"Midterm","Connecticut",1022453,2340956
1998,"Midterm","Delaware",NA,540896
1998,"Midterm","District of Columbia",137523,398318
1998,"Midterm","Florida",4070262,10590870
1998,"Midterm","Georgia",1842145,5326337
1998,"Midterm","Hawaii",412520,832172
1998,"Midterm","Idaho",386720,843914
1998,"Midterm","Illinois",3541379,8285614
1998,"Midterm","Indiana",1618689,4348730
1998,"Midterm","Iowa",973032,2112132
1998,"Midterm","Kansas",743288,1873438
1998,"Midterm","Kentucky",1215053,2930780
1998,"Midterm","Louisiana",990243,3097660
1998,"Midterm","Maine",NA,943577
1998,"Midterm","Maryland",1556994,3571087
1998,"Midterm","Massachusetts",1935277,4430939
1998,"Midterm","Michigan",3143432,7005306
1998,"Midterm","Minnesota",2105343,3378089
1998,"Midterm","Mississippi",NA,1995283
1998,"Midterm","Missouri",NA,3978146
1998,"Midterm","Montana",338733,653998
1998,"Midterm","Nebraska",581775,1197953
1998,"Midterm","Nevada",440042,1233386
1998,"Midterm","New Hampshire",330555,878508
1998,"Midterm","New Jersey",1894496,5505229
1998,"Midterm","New Mexico",517355,1199320
1998,"Midterm","New York",4989877,12263356
1998,"Midterm","North Carolina",NA,5624292
1998,"Midterm","North Dakota",217584,475629
1998,"Midterm","Ohio",3534782,8237516
1998,"Midterm","Oklahoma",NA,2415036
1998,"Midterm","Oregon",1160400,2370381
1998,"Midterm","Pennsylvania",NA,9075961
1998,"Midterm","Rhode Island",309835,723772
1998,"Midterm","South Carolina",1092430,2825173
1998,"Midterm","South Dakota",266355,534711
1998,"Midterm","Tennessee",1026017,4092745
1998,"Midterm","Texas",NA,12490423
1998,"Midterm","Utah",506553,1381989
1998,"Midterm","Vermont",224382,444772
1998,"Midterm","Virginia",NA,4900523
1998,"Midterm","Washington",1939421,3930400
1998,"Midterm","West Virginia",405139,1388176
1998,"Midterm","Wisconsin",NA,3801514
1998,"Midterm","Wyoming",178401,350136
1996,"Presidential","Alabama",NA,3144249
1996,"Presidential","Alaska",245212,404180
1996,"Presidential","Arizona",1431342,3079908
1996,"Presidential","Arkansas",NA,1844689
1996,"Presidential","California",10263490,18644593
1996,"Presidential","Colorado",NA,2770252
1996,"Presidential","Connecticut",1410746,2337160
1996,"Presidential","Delaware",277418,528630
1996,"Presidential","District of Columbia",189210,398839
1996,"Presidential","Florida",5444245,10219294
1996,"Presidential","Georgia",2374650,5181708
1996,"Presidential","Hawaii",370230,820055
1996,"Presidential","Idaho",508030,825329
1996,"Presidential","Illinois",4418270,8215662
1996,"Presidential","Indiana",2195224,4302745
1996,"Presidential","Iowa",1251983,2098332
1996,"Presidential","Kansas",1073520,1856507
1996,"Presidential","Kentucky",1419592,2880808
1996,"Presidential","Louisiana",1804640,3087693
1996,"Presidential","Maine",NA,929970
1996,"Presidential","Maryland",1793991,3530148
1996,"Presidential","Massachusetts",2600278,4385268
1996,"Presidential","Michigan",3912261,6954059
1996,"Presidential","Minnesota",2211161,3319509
1996,"Presidential","Mississippi",NA,1949309
1996,"Presidential","Missouri",NA,3919885
1996,"Presidential","Montana",417232,645052
1996,"Presidential","Nebraska",686749,1188034
1996,"Presidential","Nevada",467657,1134065
1996,"Presidential","New Hampshire",513700,855287
1996,"Presidential","New Jersey",3105110,5456334
1996,"Presidential","New Mexico",579763,1172262
1996,"Presidential","New York",6439129,12175850
1996,"Presidential","North Carolina",NA,5435970
1996,"Presidential","North Dakota",271850,475898
1996,"Presidential","Ohio",4638108,8185999
1996,"Presidential","Oklahoma",1218248,2368311
1996,"Presidential","Oregon",1399180,2309051
1996,"Presidential","Pennsylvania",NA,9063470
1996,"Presidential","Rhode Island",NA,717041
1996,"Presidential","South Carolina",1203486,2731064
1996,"Presidential","South Dakota",329316,529793
1996,"Presidential","Tennessee",NA,3984092
1996,"Presidential","Texas",NA,12072149
1996,"Presidential","Utah",691016,1326919
1996,"Presidential","Vermont",261469,435687
1996,"Presidential","Virginia",2468229,4811632
1996,"Presidential","Washington",2293895,3829308
1996,"Presidential","West Virginia",653331,1386621
1996,"Presidential","Wisconsin",NA,3763240
1996,"Presidential","Wyoming",215844,345112
1994,"Midterm","Alabama",NA,3095745
1994,"Midterm","Alaska",216668,399435
1994,"Midterm","Arizona",1153724,2892171
1994,"Midterm","Arkansas",NA,1801161
1994,"Midterm","California",8900593,18479124
1994,"Midterm","Colorado",1173130,2648684
1994,"Midterm","Connecticut",1163829,2335579
1994,"Midterm","Delaware",201560,512941
1994,"Midterm","District of Columbia",186316,411886
1994,"Midterm","Florida",4305340,9810247
1994,"Midterm","Georgia",NA,4978431
1994,"Midterm","Hawaii",377011,808904
1994,"Midterm","Idaho",419330,784076
1994,"Midterm","Illinois",3219122,8175312
1994,"Midterm","Indiana",1609481,4235008
1994,"Midterm","Iowa",1022372,2077709
1994,"Midterm","Kansas",836251,1837694
1994,"Midterm","Kentucky",827541,2829881
1994,"Midterm","Louisiana",893758,3038660
1994,"Midterm","Maine",NA,918204
1994,"Midterm","Maryland",1437450,3480270
1994,"Midterm","Massachusetts",2232186,4353287
1994,"Midterm","Michigan",3177740,6856388
1994,"Midterm","Minnesota",1794618,3253779
1994,"Midterm","Mississippi",621096,1903794
1994,"Midterm","Missouri",NA,3858946
1994,"Midterm","Montana",359455,622246
1994,"Midterm","Nebraska",593654,1164502
1994,"Midterm","Nevada",386582,1032456
1994,"Midterm","New Hampshire",319443,829590
1994,"Midterm","New Jersey",2131328,5392423
1994,"Midterm","New Mexico",485709,1128243
1994,"Midterm","New York",5325323,12192316
1994,"Midterm","North Carolina",NA,5244552
1994,"Midterm","North Dakota",240430,468989
1994,"Midterm","Ohio",3540954,8132122
1994,"Midterm","Oklahoma",1002363,2327519
1994,"Midterm","Oregon",1254265,2229242
1994,"Midterm","Pennsylvania",NA,9043585
1994,"Midterm","Rhode Island",NA,716002
1994,"Midterm","South Carolina",951901,2663830
1994,"Midterm","South Dakota",318090,518815
1994,"Midterm","Tennessee",NA,3850228
1994,"Midterm","Texas",NA,11719888
1994,"Midterm","Utah",532737,1248726
1994,"Midterm","Vermont",216715,426953
1994,"Midterm","Virginia",NA,4718968
1994,"Midterm","Washington",1733471,3715174
1994,"Midterm","West Virginia",439551,1379339
1994,"Midterm","Wisconsin",NA,3692668
1994,"Midterm","Wyoming",204025,337032
1992,"Presidential","Alabama",NA,3030549
1992,"Presidential","Alaska",261427,389898
1992,"Presidential","Arizona",1516276,2671933
1992,"Presidential","Arkansas",NA,1751083
1992,"Presidential","California",11374565,18460157
1992,"Presidential","Colorado",1597166,2494998
1992,"Presidential","Connecticut",1645609,2356937
1992,"Presidential","Delaware",290836,499266
1992,"Presidential","District of Columbia",231445,427102
1992,"Presidential","Florida",5438612,9506230
1992,"Presidential","Georgia",NA,4766958
1992,"Presidential","Hawaii",382882,795148
1992,"Presidential","Idaho",491725,734855
1992,"Presidential","Illinois",5164357,8113900
1992,"Presidential","Indiana",2347912,4162678
1992,"Presidential","Iowa",1360856,2057690
1992,"Presidential","Kansas",1161044,1810750
1992,"Presidential","Kentucky",NA,2772600
1992,"Presidential","Louisiana",1799596,2997301
1992,"Presidential","Maine",NA,915082
1992,"Presidential","Maryland",1999486,3440015
1992,"Presidential","Massachusetts",2822962,4346897
1992,"Presidential","Michigan",4341909,6786593
1992,"Presidential","Minnesota",2355796,3187255
1992,"Presidential","Mississippi",1008019,1854797
1992,"Presidential","Missouri",NA,3792675
1992,"Presidential","Montana",417564,593345
1992,"Presidential","Nebraska",744548,1149525
1992,"Presidential","Nevada",513387,940066
1992,"Presidential","New Hampshire",545197,814160
1992,"Presidential","New Jersey",3348312,5398559
1992,"Presidential","New Mexico",590901,1073421
1992,"Presidential","New York",7068630,12227775
1992,"Presidential","North Carolina",NA,5077494
1992,"Presidential","North Dakota",315199,462631
1992,"Presidential","Ohio",5043094,8063595
1992,"Presidential","Oklahoma",1455635,2293931
1992,"Presidential","Oregon",1498959,2144867
1992,"Presidential","Pennsylvania",NA,9010940
1992,"Presidential","Rhode Island",NA,721593
1992,"Presidential","South Carolina",1234712,2610725
1992,"Presidential","South Dakota",NA,503759
1992,"Presidential","Tennessee",NA,3726024
1992,"Presidential","Texas",NA,11356487
1992,"Presidential","Utah",784988,1162363
1992,"Presidential","Vermont",292797,419810
1992,"Presidential","Virginia",NA,4622125
1992,"Presidential","Washington",2324907,3575852
1992,"Presidential","West Virginia",NA,1365368
1992,"Presidential","Wisconsin",NA,3619273
1992,"Presidential","Wyoming",203602,324253
1990,"Midterm","Alabama",NA,2956385
1990,"Midterm","Alaska",197540,364419
1990,"Midterm","Arizona",1094735,2523614
1990,"Midterm","Arkansas",NA,1710799
1990,"Midterm","California",7899131,18156500
1990,"Midterm","Colorado",1046139,2366650
1990,"Midterm","Connecticut",1159361,2383795
1990,"Midterm","Delaware",183977,486760
1990,"Midterm","District of Columbia",171677,441742
1990,"Midterm","Florida",NA,9145312
1990,"Midterm","Georgia",NA,4588953
1990,"Midterm","Hawaii",354144,770836
1990,"Midterm","Idaho",328340,690154
1990,"Midterm","Illinois",3420720,8029525
1990,"Midterm","Indiana",1566371,4080236
1990,"Midterm","Iowa",1004908,2030935
1990,"Midterm","Kansas",805251,1783412
1990,"Midterm","Kentucky",NA,2722356
1990,"Midterm","Louisiana",NA,2959148
1990,"Midterm","Maine",NA,910982
1990,"Midterm","Maryland",1170867,3397126
1990,"Midterm","Massachusetts",2424579,4384671
1990,"Midterm","Michigan",2641649,6693069
1990,"Midterm","Minnesota",1843104,3136830
1990,"Midterm","Mississippi",NA,1824156
1990,"Midterm","Missouri",NA,3740308
1990,"Midterm","Montana",326652,573045
1990,"Midterm","Nebraska",604195,1131746
1990,"Midterm","Nevada",325959,858018
1990,"Midterm","New Hampshire",307700,814549
1990,"Midterm","New Jersey",1998894,5429251
1990,"Midterm","New Mexico",429509,1026902
1990,"Midterm","New York",4290261,12271903
1990,"Midterm","North Carolina",NA,4938968
1990,"Midterm","North Dakota",240301,461711
1990,"Midterm","Ohio",3620469,7975680
1990,"Midterm","Oklahoma",929639,2251719
1990,"Midterm","Oregon",1133125,2057833
1990,"Midterm","Pennsylvania",NA,8962083
1990,"Midterm","Rhode Island",375188,725084
1990,"Midterm","South Carolina",793614,2537384
1990,"Midterm","South Dakota",NA,494849
1990,"Midterm","Tennessee",NA,3624940
1990,"Midterm","Texas",NA,11034190
1990,"Midterm","Utah",457983,1086050
1990,"Midterm","Vermont",217384,415564
1990,"Midterm","Virginia",NA,4512504
1990,"Midterm","Washington",1362651,3421256
1990,"Midterm","West Virginia",NA,1347723
1990,"Midterm","Wisconsin",NA,3541548
1990,"Midterm","Wyoming",164309,312961
1988,"Presidential","Alabama",NA,2901744
1988,"Presidential","Alaska",203433,355023
1988,"Presidential","Arizona",1204169,2454254
1988,"Presidential","Arkansas",NA,1689491
1988,"Presidential","California",10194539,17738700
1988,"Presidential","Colorado",1416265,2327768
1988,"Presidential","Connecticut",1461962,2379699
1988,"Presidential","Delaware",254973,472441
1988,"Presidential","District of Columbia",197135,453636
1988,"Presidential","Florida",NA,8777510
1988,"Presidential","Georgia",NA,4459739
1988,"Presidential","Hawaii",368567,739890
1988,"Presidential","Idaho",421213,667345
1988,"Presidential","Illinois",4697192,7950848
1988,"Presidential","Indiana",2222811,3996319
1988,"Presidential","Iowa",1240854,2021793
1988,"Presidential","Kansas",NA,1774451
1988,"Presidential","Kentucky",NA,2680364
1988,"Presidential","Louisiana",NA,2941023
1988,"Presidential","Maine",NA,888612
1988,"Presidential","Maryland",1747350,3325582
1988,"Presidential","Massachusetts",2689857,4385728
1988,"Presidential","Michigan",3745751,6608812
1988,"Presidential","Minnesota",2125119,3087194
1988,"Presidential","Mississippi",NA,1792847
1988,"Presidential","Missouri",NA,3696905
1988,"Presidential","Montana",378981,568014
1988,"Presidential","Nebraska",678669,1125252
1988,"Presidential","Nevada",354261,768131
1988,"Presidential","New Hampshire",462503,800468
1988,"Presidential","New Jersey",3102502,5435008
1988,"Presidential","New Mexico",535694,1002876
1988,"Presidential","New York",6636310,12300666
1988,"Presidential","North Carolina",NA,4794041
1988,"Presidential","North Dakota",309100,466684
1988,"Presidential","Ohio",4505284,7869099
1988,"Presidential","Oklahoma",1192815,2245785
1988,"Presidential","Oregon",1235199,1982355
1988,"Presidential","Pennsylvania",NA,8892826
1988,"Presidential","Rhode Island",415963,721773
1988,"Presidential","South Carolina",1041846,2453644
1988,"Presidential","South Dakota",NA,494034
1988,"Presidential","Tennessee",NA,3551452
1988,"Presidential","Texas",NA,10833436
1988,"Presidential","Utah",661546,1043170
1988,"Presidential","Vermont",270148,404795
1988,"Presidential","Virginia",NA,4396900
1988,"Presidential","Washington",1923043,3282173
1988,"Presidential","West Virginia",NA,1347692
1988,"Presidential","Wisconsin",NA,3489742
1988,"Presidential","Wyoming",186417,315073
1986,"Midterm","Alabama",NA,2869652
1986,"Midterm","Alaska",182526,351841
1986,"Midterm","Arizona",889668,2319046
1986,"Midterm","Arkansas",NA,1681564
1986,"Midterm","California",7617142,17166275
1986,"Midterm","Colorado",1096867,2309652
1986,"Midterm","Connecticut",1025605,2344327
1986,"Midterm","Delaware",165563,455609
1986,"Midterm","District of Columbia",134158,465993
1986,"Midterm","Florida",NA,8384015
1986,"Midterm","Georgia",NA,4300049
1986,"Midterm","Hawaii",344416,715459
1986,"Midterm","Idaho",392909,663126
1986,"Midterm","Illinois",3322657,7912733
1986,"Midterm","Indiana",1619005,3943714
1986,"Midterm","Iowa",922094,2020678
1986,"Midterm","Kansas",NA,1757001
1986,"Midterm","Kentucky",NA,2661218
1986,"Midterm","Louisiana",NA,3014498
1986,"Midterm","Maine",NA,858200
1986,"Midterm","Maryland",1161136,3216833
1986,"Midterm","Massachusetts",1777276,4326264
1986,"Midterm","Michigan",2468009,6520661
1986,"Midterm","Minnesota",1456579,3024070
1986,"Midterm","Mississippi",NA,1782721
1986,"Midterm","Missouri",NA,3655213
1986,"Midterm","Montana",326436,572113
1986,"Midterm","Nebraska",577916,1123099
1986,"Midterm","Nevada",264365,700192
1986,"Midterm","New Hampshire",257410,760526
1986,"Midterm","New Jersey",1639330,5396487
1986,"Midterm","New Mexico",408621,987220
1986,"Midterm","New York",4481718,12263480
1986,"Midterm","North Carolina",NA,4653016
1986,"Midterm","North Dakota",295177,473962
1986,"Midterm","Ohio",3628870,7781083
1986,"Midterm","Oklahoma",934447,2290182
1986,"Midterm","Oregon",1088140,1928782
1986,"Midterm","Pennsylvania",NA,8820459
1986,"Midterm","Rhode Island",322724,711034
1986,"Midterm","South Carolina",763493,2393329
1986,"Midterm","South Dakota",NA,492333
1986,"Midterm","Tennessee",NA,3478867
1986,"Midterm","Texas",NA,10786533
1986,"Midterm","Utah",445499,1024337
1986,"Midterm","Vermont",211709,389843
1986,"Midterm","Virginia",NA,4240797
1986,"Midterm","Washington",1358160,3151152
1986,"Midterm","West Virginia",449249,1370305
1986,"Midterm","Wisconsin",NA,3432034
1986,"Midterm","Wyoming",168615,328971
1984,"Presidential","Alabama",NA,2831099
1984,"Presidential","Alaska",213173,343030
1984,"Presidential","Arizona",1051339,2151391
1984,"Presidential","Arkansas",NA,1668136
1984,"Presidential","California",9796375,16618345
1984,"Presidential","Colorado",1343437,2267668
1984,"Presidential","Connecticut",1490946,2300533
1984,"Presidential","Delaware",258182,442354
1984,"Presidential","District of Columbia",219193,471669
1984,"Presidential","Florida",NA,7976805
1984,"Presidential","Georgia",NA,4119852
1984,"Presidential","Hawaii",349253,694187
1984,"Presidential","Idaho",421935,662771
1984,"Presidential","Illinois",4969352,7922605
1984,"Presidential","Indiana",2268493,3916362
1984,"Presidential","Iowa",1339886,2057482
1984,"Presidential","Kansas",NA,1751223
1984,"Presidential","Kentucky",NA,2643027
1984,"Presidential","Louisiana",NA,3019930
1984,"Presidential","Maine",NA,840251
1984,"Presidential","Maryland",1695924,3113967
1984,"Presidential","Massachusetts",2595054,4273437
1984,"Presidential","Michigan",3884854,6407156
1984,"Presidential","Minnesota",2115317,2982015
1984,"Presidential","Mississippi",NA,1766654
1984,"Presidential","Missouri",NA,3617948
1984,"Presidential","Montana",395006,578925
1984,"Presidential","Nebraska",670781,1135012
1984,"Presidential","Nevada",294413,656862
1984,"Presidential","New Hampshire",406608,718967
1984,"Presidential","New Jersey",3215941,5318696
1984,"Presidential","New Mexico",522328,956246
1984,"Presidential","New York",7000828,12232120
1984,"Presidential","North Carolina",NA,4512013
1984,"Presidential","North Dakota",324179,482655
1984,"Presidential","Ohio",4664223,7732456
1984,"Presidential","Oklahoma",1290555,2324445
1984,"Presidential","Oregon",1265824,1906880
1984,"Presidential","Pennsylvania",NA,8790815
1984,"Presidential","Rhode Island",422851,697537
1984,"Presidential","South Carolina",1018701,2329080
1984,"Presidential","South Dakota",NA,494651
1984,"Presidential","Tennessee",NA,3415760
1984,"Presidential","Texas",NA,10582774
1984,"Presidential","Utah",641846,998820
1984,"Presidential","Vermont",235140,381479
1984,"Presidential","Virginia",NA,4100160
1984,"Presidential","Washington",1931546,3072714
1984,"Presidential","West Virginia",NA,1391427
1984,"Presidential","Wisconsin",NA,3409202
1984,"Presidential","Wyoming",196153,338733
1982,"Midterm","Alabama",NA,2780689
1982,"Midterm","Alaska",199458,307558
1982,"Midterm","Arizona",742923,2017098
1982,"Midterm","Arkansas",NA,1639482
1982,"Midterm","California",8064314,16161555
1982,"Midterm","Colorado",1037774,2196263
1982,"Midterm","Connecticut",1112428,2253328
1982,"Midterm","Delaware",195726,430257
1982,"Midterm","District of Columbia",NA,470719
1982,"Midterm","Florida",NA,7565499
1982,"Midterm","Georgia",NA,3945107
1982,"Midterm","Hawaii",325459,671172
1982,"Midterm","Idaho",332237,650534
1982,"Midterm","Illinois",3856875,7908220
1982,"Midterm","Indiana",1834225,3879314
1982,"Midterm","Iowa",1050495,2068844
1982,"Midterm","Kansas",NA,1736298
1982,"Midterm","Kentucky",NA,2615445
1982,"Midterm","Louisiana",NA,2982702
1982,"Midterm","Maine",NA,817814
1982,"Midterm","Maryland",1190011,3034834
1982,"Midterm","Massachusetts",2103780,4184146
1982,"Midterm","Michigan",3135928,6357552
1982,"Midterm","Minnesota",1834737,2943169
1982,"Midterm","Mississippi",NA,1743267
1982,"Midterm","Missouri",NA,3567803
1982,"Midterm","Montana",328082,569629
1982,"Midterm","Nebraska",559422,1128918
1982,"Midterm","Nevada",242578,621060
1982,"Midterm","New Hampshire",289057,686264
1982,"Midterm","New Jersey",2286925,5224732
1982,"Midterm","New Mexico",417945,919311
1982,"Midterm","New York",5437367,12118685
1982,"Midterm","North Carolina",NA,4347870
1982,"Midterm","North Dakota",272876,476851
1982,"Midterm","Ohio",3551995,7692059
1982,"Midterm","Oklahoma",901488,2302670
1982,"Midterm","Oregon",1063913,1895706
1982,"Midterm","Pennsylvania",NA,8749931
1982,"Midterm","Rhode Island",370928,684977
1982,"Midterm","South Carolina",688300,2260577
1982,"Midterm","South Dakota",NA,489474
1982,"Midterm","Tennessee",NA,3357236
1982,"Midterm","Texas",NA,10228820
1982,"Midterm","Utah",537207,962724
1982,"Midterm","Vermont",172084,372982
1982,"Midterm","Virginia",NA,3960296
1982,"Midterm","Washington",1404831,2999997
1982,"Midterm","West Virginia",NA,1399303
1982,"Midterm","Wisconsin",NA,3372875
1982,"Midterm","Wyoming",172065,344218
1980,"Presidential","Alabama",NA,2726249
1980,"Presidential","Alaska",162653,270122
1980,"Presidential","Arizona",898183,1890167
1980,"Presidential","Arkansas",NA,1610104
1980,"Presidential","California",8775459,15610966
1980,"Presidential","Colorado",1225549,2071959
1980,"Presidential","Connecticut",1423403,2201356
1980,"Presidential","Delaware",239136,421344
1980,"Presidential","District of Columbia",178434,470956
1980,"Presidential","Florida",NA,7088658
1980,"Presidential","Georgia",NA,3791652
1980,"Presidential","Hawaii",318026,646583
1980,"Presidential","Idaho",446045,633624
1980,"Presidential","Illinois",4868890,7868300
1980,"Presidential","Indiana",2275433,3846321
1980,"Presidential","Iowa",1314258,2070935
1980,"Presidential","Kansas",NA,1704420
1980,"Presidential","Kentucky",NA,2562572
1980,"Presidential","Louisiana",NA,2868792
1980,"Presidential","Maine",NA,799746
1980,"Presidential","Maryland",1557709,2964704
1980,"Presidential","Massachusetts",2566807,4110721
1980,"Presidential","Michigan",3978647,6374955
1980,"Presidential","Minnesota",2079451,2882406
1980,"Presidential","Mississippi",NA,1704163
1980,"Presidential","Missouri",NA,3529489
1980,"Presidential","Montana",371976,554636
1980,"Presidential","Nebraska",651281,1115142
1980,"Presidential","Nevada",297318,573118
1980,"Presidential","New Hampshire",402415,660560
1980,"Presidential","New Jersey",2999879,5123773
1980,"Presidential","New Mexico",464848,873515
1980,"Presidential","New York",6359218,12006100
1980,"Presidential","North Carolina",NA,4203817
1980,"Presidential","North Dakota",314525,462223
1980,"Presidential","Ohio",4378937,7637813
1980,"Presidential","Oklahoma",1172303,2162051
1980,"Presidential","Oregon",1209691,1880863
1980,"Presidential","Pennsylvania",NA,8664166
1980,"Presidential","Rhode Island",423349,675067
1980,"Presidential","South Carolina",922397,2176721
1980,"Presidential","South Dakota",NA,484328
1980,"Presidential","Tennessee",NA,3285608
1980,"Presidential","Texas",NA,9572904
1980,"Presidential","Utah",609691,915484
1980,"Presidential","Vermont",215500,363143
1980,"Presidential","Virginia",NA,3830887
1980,"Presidential","Washington",1772904,2923670
1980,"Presidential","West Virginia",742150,1387231
1980,"Presidential","Wisconsin",NA,3322053
1980,"Presidential","Wyoming",181004,326644
